round,tag,ts,git_rev,scene,frames,window,strength,cutoff,retention,distortion,distortion_mean,hf_ssim,var_ratio,all_pass,drift_pct_pos,de_corr,hf_ssim_clean,hf_ssim_chg,motion_pct,verdict,flags,trap_pass,hotspot_pass,copass
1,r1,2026-09-27 08:58:50,1b99415,translate,96,1.0,0.1,0.0,63.079,62.9434,36.1359,0.99145,0.3624,False,,,,,,,,False,,False
1,r1,2026-09-27 08:58:51,1b99415,translate,192,1.0,0.1,0.0,83.205,52.5964,31.4611,0.98738,0.4775,False,,,,,,,,False,,False
1,r1,2026-09-27 08:58:52,1b99415,hotspot,48,1.0,0.1,0.0,,,,,,,50.204,0.1215,0.99458,0.99567,99.67,fail,.SME,,False,False
1,r1,2026-09-27 08:58:53,1b99415,translate,96,1.0,0.1,0.05,691.325,62.9434,32.7459,0.9924,0.4153,False,,,,,,,,False,,False
1,r1,2026-09-27 08:58:53,1b99415,translate,192,1.0,0.1,0.05,1407.245,52.5964,25.1552,0.98988,0.5092,False,,,,,,,,False,,False
1,r1,2026-09-27 08:58:54,1b99415,hotspot,48,1.0,0.1,0.05,,,,,,,51.179,0.1043,0.99471,0.99643,99.69,fail,.SME,,False,False
1,r1,2026-09-27 08:58:55,1b99415,translate,96,1.0,0.1,0.25,1383.623,62.9434,18.091,0.99646,0.6959,False,,,,,,,,False,,False
1,r1,2026-09-27 08:58:55,1b99415,translate,192,1.0,0.1,0.25,1789.258,52.5964,12.6718,0.99548,0.7531,False,,,,,,,,False,,False
1,r1,2026-09-27 08:58:56,1b99415,hotspot,48,1.0,0.1,0.25,,,,,,,33.736,0.0554,0.99472,0.99855,99.73,fail,.SME,,False,False
1,r1,2026-09-27 08:58:57,1b99415,translate,96,1.0,0.1,1.0,439.032,62.9434,5.1458,0.99912,0.9641,False,,,,,,,,False,,False
1,r1,2026-09-27 08:58:57,1b99415,translate,192,1.0,0.1,1.0,691.802,52.5964,3.4502,0.99897,0.9569,False,,,,,,,,False,,False
1,r1,2026-09-27 08:58:58,1b99415,hotspot,48,1.0,0.1,1.0,,,,,,,9.677,0.0232,0.99439,0.99984,99.74,fail,.SME,,False,False
1,r1,2026-09-27 08:58:59,1b99415,translate,96,1.0,0.1,4.0,250.887,62.9434,1.7516,0.99963,1.0005,False,,,,,,,,False,,False
1,r1,2026-09-27 08:58:59,1b99415,translate,192,1.0,0.1,4.0,380.974,52.5964,1.5327,0.99946,1.0,False,,,,,,,,False,,False
1,r1,2026-09-27 08:59:00,1b99415,hotspot,48,1.0,0.1,4.0,,,,,,,0.809,0.018,0.99414,1.0,99.76,fail,.SME,,False,False
1,r1,2026-09-27 08:59:01,1b99415,translate,96,1.0,0.25,0.0,97.182,68.2263,36.2283,0.99139,0.3734,False,,,,,,,,False,,False
1,r1,2026-09-27 08:59:01,1b99415,translate,192,1.0,0.25,0.0,131.134,58.8728,31.613,0.98727,0.4822,False,,,,,,,,False,,False
1,r1,2026-09-27 08:59:02,1b99415,hotspot,48,1.0,0.25,0.0,,,,,,,50.199,0.1215,0.99458,0.99567,99.66,fail,.SME,,False,False
1,r1,2026-09-27 08:59:03,1b99415,translate,96,1.0,0.25,0.05,724.947,68.2263,32.8382,0.99234,0.427,False,,,,,,,,False,,False
1,r1,2026-09-27 08:59:03,1b99415,translate,192,1.0,0.25,0.05,1456.253,58.8728,25.3072,0.98977,0.5142,False,,,,,,,,False,,False
1,r1,2026-09-27 08:59:04,1b99415,hotspot,48,1.0,0.25,0.05,,,,,,,51.173,0.1043,0.99471,0.99643,99.69,fail,.SME,,False,False
1,r1,2026-09-27 08:59:05,1b99415,translate,96,1.0,0.25,0.25,1415.453,68.2263,18.1851,0.9964,0.7112,False,,,,,,,,False,,False
1,r1,2026-09-27 08:59:05,1b99415,translate,192,1.0,0.25,0.25,1837.12,58.8728,12.8247,0.99537,0.76,False,,,,,,,,False,,False
1,r1,2026-09-27 08:59:06,1b99415,hotspot,48,1.0,0.25,0.25,,,,,,,33.725,0.0554,0.99472,0.99855,99.73,fail,.SME,,False,False
1,r1,2026-09-27 08:59:07,1b99415,translate,96,1.0,0.25,1.0,466.886,68.2263,5.2369,0.99906,0.9828,False,,,,,,,,False,,False
1,r1,2026-09-27 08:59:07,1b99415,translate,192,1.0,0.25,1.0,738.295,58.8728,3.6027,0.99886,0.9655,False,,,,,,,,False,,False
1,r1,2026-09-27 08:59:08,1b99415,hotspot,48,1.0,0.25,1.0,,,,,,,9.677,0.0232,0.99439,0.99984,99.74,fail,.SME,,False,False
1,r1,2026-09-27 08:59:09,1b99415,translate,96,1.0,0.25,4.0,275.806,68.2263,1.8447,0.99957,1.0201,False,,,,,,,,False,,False
1,r1,2026-09-27 08:59:09,1b99415,translate,192,1.0,0.25,4.0,425.424,58.8728,1.685,0.99935,1.0091,False,,,,,,,,False,,False
1,r1,2026-09-27 08:59:10,1b99415,hotspot,48,1.0,0.25,4.0,,,,,,,0.812,0.018,0.99414,1.0,99.76,fail,.SME,,False,False
1,r1,2026-09-27 08:59:11,1b99415,translate,96,1.0,0.5,0.0,79.979,71.3137,36.3351,0.99132,0.3921,False,,,,,,,,False,,False
1,r1,2026-09-27 08:59:11,1b99415,translate,192,1.0,0.5,0.0,144.29,63.662,31.7624,0.9872,0.4939,False,,,,,,,,False,,False
1,r1,2026-09-27 08:59:12,1b99415,hotspot,48,1.0,0.5,0.0,,,,,,,50.183,0.1215,0.99458,0.99567,99.66,fail,.SME,,False,False
1,r1,2026-09-27 08:59:13,1b99415,translate,96,1.0,0.5,0.05,707.295,71.3137,32.9448,0.99227,0.4467,False,,,,,,,,False,,False
1,r1,2026-09-27 08:59:13,1b99415,translate,192,1.0,0.5,0.05,1469.317,63.662,25.4567,0.9897,0.5261,False,,,,,,,,False,,False
1,r1,2026-09-27 08:59:14,1b99415,hotspot,48,1.0,0.5,0.05,,,,,,,51.159,0.1043,0.99471,0.99643,99.69,fail,.SME,,False,False
1,r1,2026-09-27 08:59:15,1b99415,translate,96,1.0,0.5,0.25,1402.256,71.3137,18.2948,0.99633,0.7364,False,,,,,,,,False,,False
1,r1,2026-09-27 08:59:15,1b99415,translate,192,1.0,0.5,0.25,1852.502,63.662,12.9741,0.9953,0.7748,False,,,,,,,,False,,False
1,r1,2026-09-27 08:59:16,1b99415,hotspot,48,1.0,0.5,0.25,,,,,,,33.71,0.0554,0.99472,0.99855,99.73,fail,.SME,,False,False
1,r1,2026-09-27 08:59:17,1b99415,translate,96,1.0,0.5,1.0,456.498,71.3137,5.3437,0.999,1.0128,False,,,,,,,,False,,False
1,r1,2026-09-27 08:59:17,1b99415,translate,192,1.0,0.5,1.0,756.353,63.662,3.7524,0.9988,0.9827,False,,,,,,,,False,,False
1,r1,2026-09-27 08:59:18,1b99415,hotspot,48,1.0,0.5,1.0,,,,,,,9.679,0.0232,0.99439,0.99984,99.74,fail,.SME,,False,False
1,r1,2026-09-27 08:59:19,1b99415,translate,96,1.0,0.5,4.0,268.174,71.3137,1.9524,0.9995,1.0513,False,,,,,,,,False,,False
1,r1,2026-09-27 08:59:19,1b99415,translate,192,1.0,0.5,4.0,442.628,63.662,1.8345,0.99928,1.0269,False,,,,,,,,False,,False
1,r1,2026-09-27 08:59:20,1b99415,hotspot,48,1.0,0.5,4.0,,,,,,,0.811,0.018,0.99414,1.0,99.76,fail,.SME,,False,False
1,r1,2026-09-27 08:59:21,1b99415,translate,96,1.0,1.0,0.0,87.873,61.7597,36.1779,0.99145,0.3605,False,,,,,,,,False,,False
1,r1,2026-09-27 08:59:22,1b99415,translate,192,1.0,1.0,0.0,160.986,68.5666,31.759,0.98725,0.4837,False,,,,,,,,False,,False
1,r1,2026-09-27 08:59:22,1b99415,hotspot,48,1.0,1.0,0.0,,,,,,,50.157,0.1216,0.99458,0.99567,99.66,fail,.SME,,False,False
1,r1,2026-09-27 08:59:23,1b99415,translate,96,1.0,1.0,0.05,714.104,61.7597,32.7863,0.9924,0.4134,False,,,,,,,,False,,False
1,r1,2026-09-27 08:59:24,1b99415,translate,192,1.0,1.0,0.05,1485.291,68.5666,25.4531,0.98974,0.5156,False,,,,,,,,False,,False
1,r1,2026-09-27 08:59:24,1b99415,hotspot,48,1.0,1.0,0.05,,,,,,,51.127,0.1044,0.99471,0.99643,99.68,fail,.SME,,False,False
1,r1,2026-09-27 08:59:25,1b99415,translate,96,1.0,1.0,0.25,1405.452,61.7597,18.1392,0.99646,0.694,False,,,,,,,,False,,False
1,r1,2026-09-27 08:59:26,1b99415,translate,192,1.0,1.0,0.25,1865.588,68.5666,12.972,0.99535,0.7615,False,,,,,,,,False,,False
1,r1,2026-09-27 08:59:26,1b99415,hotspot,48,1.0,1.0,0.25,,,,,,,33.682,0.0554,0.99472,0.99854,99.73,fail,.SME,,False,False
1,r1,2026-09-27 08:59:27,1b99415,translate,96,1.0,1.0,1.0,452.141,61.4847,5.1852,0.99912,0.9623,False,,,,,,,,False,,False
1,r1,2026-09-27 08:59:28,1b99415,translate,192,1.0,1.0,1.0,766.671,68.5666,3.75,0.99884,0.9669,False,,,,,,,,False,,False
1,r1,2026-09-27 08:59:28,1b99415,hotspot,48,1.0,1.0,1.0,,,,,,,9.677,0.0233,0.99439,0.99984,99.74,fail,.SME,,False,False
1,r1,2026-09-27 08:59:29,1b99415,translate,96,1.0,1.0,4.0,262.178,61.2375,1.7956,0.99963,0.9988,False,,,,,,,,False,,False
1,r1,2026-09-27 08:59:30,1b99415,translate,192,1.0,1.0,4.0,449.944,68.5666,1.8313,0.99933,1.0105,False,,,,,,,,False,,False
1,r1,2026-09-27 08:59:30,1b99415,hotspot,48,1.0,1.0,4.0,,,,,,,0.825,0.018,0.99414,1.0,99.76,fail,.SME,,False,False
1,r1,2026-09-27 08:59:31,1b99415,translate,96,2.0,0.1,0.0,52.448,61.874,36.1282,0.99146,0.3618,False,,,,,,,,False,,False
1,r1,2026-09-27 08:59:32,1b99415,translate,192,2.0,0.1,0.0,70.489,51.3919,31.4477,0.98739,0.4769,False,,,,,,,,False,,False
1,r1,2026-09-27 08:59:32,1b99415,hotspot,48,2.0,0.1,0.0,,,,,,,50.178,0.1215,0.99458,0.99567,99.67,fail,.SME,,False,False
1,r1,2026-09-27 08:59:33,1b99415,translate,96,2.0,0.1,0.05,512.049,61.874,33.6063,0.99218,0.4058,False,,,,,,,,False,,False
1,r1,2026-09-27 08:59:34,1b99415,translate,192,2.0,0.1,0.05,852.597,51.0621,28.0087,0.98887,0.5089,False,,,,,,,,False,,False
1,r1,2026-09-27 08:59:34,1b99415,hotspot,48,2.0,0.1,0.05,,,,,,,50.784,0.1171,0.99466,0.99587,99.67,fail,.SME,,False,False
1,r1,2026-09-27 08:59:35,1b99415,translate,96,2.0,0.1,0.25,1148.771,61.874,23.1814,0.99515,0.6264,False,,,,,,,,False,,False
1,r1,2026-09-27 08:59:36,1b99415,translate,192,2.0,0.1,0.25,1608.851,51.0621,17.4931,0.99352,0.6805,False,,,,,,,,False,,False
1,r1,2026-09-27 08:59:36,1b99415,hotspot,48,2.0,0.1,0.25,,,,,,,36.715,0.0652,0.99488,0.99824,99.71,fail,.SME,,False,False
1,r1,2026-09-27 08:59:37,1b99415,translate,96,2.0,0.1,1.0,407.051,61.874,6.1489,0.99896,0.9248,False,,,,,,,,False,,False
1,r1,2026-09-27 08:59:38,1b99415,translate,192,2.0,0.1,1.0,869.258,50.7975,6.6703,0.9979,0.9468,False,,,,,,,,False,,False
1,r1,2026-09-27 08:59:38,1b99415,hotspot,48,2.0,0.1,1.0,,,,,,,8.851,0.0225,0.99443,0.99988,99.73,fail,.SME,,False,False
1,r1,2026-09-27 08:59:39,1b99415,translate,96,2.0,0.1,4.0,296.605,61.874,3.5674,0.99916,1.0048,False,,,,,,,,False,,False
1,r1,2026-09-27 08:59:40,1b99415,translate,192,2.0,0.1,4.0,611.609,50.7975,3.8663,0.99865,1.0071,False,,,,,,,,False,,False
1,r1,2026-09-27 08:59:40,1b99415,hotspot,48,2.0,0.1,4.0,,,,,,,0.664,0.0179,0.99414,1.0,99.75,fail,.SME,,False,False
1,r1,2026-09-27 08:59:41,1b99415,translate,96,2.0,0.25,0.0,75.506,64.8048,36.1932,0.99141,0.369,False,,,,,,,,False,,False
1,r1,2026-09-27 08:59:42,1b99415,translate,192,2.0,0.25,0.0,110.174,55.7496,31.5466,0.98731,0.4806,False,,,,,,,,False,,False
1,r1,2026-09-27 08:59:42,1b99415,hotspot,48,2.0,0.25,0.0,,,,,,,50.138,0.1215,0.99458,0.99567,99.66,fail,.SME,,False,False
1,r1,2026-09-27 08:59:43,1b99415,translate,96,2.0,0.25,0.05,534.876,64.8048,33.6712,0.99214,0.4133,False,,,,,,,,False,,False
1,r1,2026-09-27 08:59:44,1b99415,translate,192,2.0,0.25,0.05,892.163,55.7496,28.1075,0.9888,0.5128,False,,,,,,,,False,,False
1,r1,2026-09-27 08:59:44,1b99415,hotspot,48,2.0,0.25,0.05,,,,,,,50.743,0.1171,0.99466,0.99587,99.67,fail,.SME,,False,False
1,r1,2026-09-27 08:59:45,1b99415,translate,96,2.0,0.25,0.25,1171.382,64.8048,23.247,0.99511,0.6358,False,,,,,,,,False,,False
1,r1,2026-09-27 08:59:46,1b99415,translate,192,2.0,0.25,0.25,1649.994,55.7496,17.5925,0.99344,0.6854,False,,,,,,,,False,,False
1,r1,2026-09-27 08:59:46,1b99415,hotspot,48,2.0,0.25,0.25,,,,,,,36.679,0.0652,0.99488,0.99824,99.71,fail,.SME,,False,False
1,r1,2026-09-27 08:59:47,1b99415,translate,96,2.0,0.25,1.0,416.139,64.8048,6.2116,0.99892,0.9368,False,,,,,,,,False,,False
1,r1,2026-09-27 08:59:48,1b99415,translate,192,2.0,0.25,1.0,903.402,55.7496,6.7688,0.99782,0.9531,False,,,,,,,,False,,False
1,r1,2026-09-27 08:59:48,1b99415,hotspot,48,2.0,0.25,1.0,,,,,,,8.86,0.0225,0.99443,0.99988,99.73,fail,.SME,,False,False
1,r1,2026-09-27 08:59:49,1b99415,translate,96,2.0,0.25,4.0,305.303,64.8048,3.632,0.99912,1.0174,False,,,,,,,,False,,False
1,r1,2026-09-27 08:59:50,1b99415,translate,192,2.0,0.25,4.0,643.609,55.7496,3.9652,0.99858,1.0138,False,,,,,,,,False,,False
1,r1,2026-09-27 08:59:51,1b99415,hotspot,48,2.0,0.25,4.0,,,,,,,0.664,0.0179,0.99414,1.0,99.75,fail,.SME,,False,False
1,r1,2026-09-27 08:59:51,1b99415,translate,96,2.0,0.5,0.0,83.362,70.806,36.3378,0.99134,0.3833,False,,,,,,,,False,,False
1,r1,2026-09-27 08:59:52,1b99415,translate,192,2.0,0.5,0.0,146.44,60.8322,31.7108,0.98721,0.49,False,,,,,,,,False,,False
1,r1,2026-09-27 08:59:53,1b99415,hotspot,48,2.0,0.5,0.0,,,,,,,50.07,0.1216,0.99458,0.99567,99.66,fail,.SME,,False,False
1,r1,2026-09-27 08:59:53,1b99415,translate,96,2.0,0.5,0.05,542.281,70.806,33.816,0.99206,0.4281,False,,,,,,,,False,,False
1,r1,2026-09-27 08:59:54,1b99415,translate,192,2.0,0.5,0.05,927.909,60.8322,28.272,0.9887,0.5224,False,,,,,,,,False,,False
1,r1,2026-09-27 08:59:55,1b99415,hotspot,48,2.0,0.5,0.05,,,,,,,50.676,0.1172,0.99465,0.99587,99.66,fail,.SME,,False,False
1,r1,2026-09-27 08:59:55,1b99415,translate,96,2.0,0.5,0.25,1178.11,70.806,23.3924,0.99503,0.6539,False,,,,,,,,False,,False
1,r1,2026-09-27 08:59:56,1b99415,translate,192,2.0,0.5,0.25,1684.987,60.8322,17.757,0.99334,0.6969,False,,,,,,,,False,,False
1,r1,2026-09-27 08:59:57,1b99415,hotspot,48,2.0,0.5,0.25,,,,,,,36.613,0.0652,0.99487,0.99824,99.71,fail,.SME,,False,False
1,r1,2026-09-27 08:59:57,1b99415,translate,96,2.0,0.5,1.0,434.728,70.806,6.3555,0.99884,0.9594,False,,,,,,,,False,,False
1,r1,2026-09-27 08:59:58,1b99415,translate,192,2.0,0.5,1.0,946.954,60.8322,6.9327,0.99772,0.9675,False,,,,,,,,False,,False
1,r1,2026-09-27 08:59:59,1b99415,hotspot,48,2.0,0.5,1.0,,,,,,,8.859,0.0225,0.99443,0.99988,99.73,fail,.SME,,False,False
1,r1,2026-09-27 08:59:59,1b99415,translate,96,2.0,0.5,4.0,323.121,70.806,3.7772,0.99905,1.0411,False,,,,,,,,False,,False
1,r1,2026-09-27 09:00:00,1b99415,translate,192,2.0,0.5,4.0,684.481,60.8322,4.1294,0.99848,1.0289,False,,,,,,,,False,,False
1,r1,2026-09-27 09:00:01,1b99415,hotspot,48,2.0,0.5,4.0,,,,,,,0.666,0.0179,0.99414,1.0,99.75,fail,.SME,,False,False
1,r1,2026-09-27 09:00:01,1b99415,translate,96,2.0,1.0,0.0,89.254,71.4909,36.4621,0.99129,0.3886,False,,,,,,,,False,,False
1,r1,2026-09-27 09:00:02,1b99415,translate,192,2.0,1.0,0.0,191.581,68.5362,31.9908,0.98706,0.4918,False,,,,,,,,False,,False
1,r1,2026-09-27 09:00:03,1b99415,hotspot,48,2.0,1.0,0.0,,,,,,,49.931,0.1217,0.99458,0.99566,99.66,fail,.SME,,False,False
1,r1,2026-09-27 09:00:03,1b99415,translate,96,2.0,1.0,0.05,547.322,71.4909,33.94,0.99201,0.4336,False,,,,,,,,False,,False
1,r1,2026-09-27 09:00:04,1b99415,translate,192,2.0,1.0,0.05,971.966,68.5362,28.5518,0.98855,0.5242,False,,,,,,,,False,,False
1,r1,2026-09-27 09:00:05,1b99415,hotspot,48,2.0,1.0,0.05,,,,,,,50.536,0.1173,0.99465,0.99586,99.66,fail,.SME,,False,False
1,r1,2026-09-27 09:00:05,1b99415,translate,96,2.0,1.0,0.25,1180.368,71.4909,23.5172,0.99498,0.6609,False,,,,,,,,False,,False
1,r1,2026-09-27 09:00:06,1b99415,translate,192,2.0,1.0,0.25,1725.876,68.5362,18.0374,0.9932,0.6995,False,,,,,,,,False,,False
1,r1,2026-09-27 09:00:07,1b99415,hotspot,48,2.0,1.0,0.25,,,,,,,36.495,0.0653,0.99487,0.99823,99.71,fail,.SME,,False,False
1,r1,2026-09-27 09:00:07,1b99415,translate,96,2.0,1.0,1.0,431.962,71.4909,6.4769,0.99879,0.9685,False,,,,,,,,False,,False
1,r1,2026-09-27 09:00:08,1b99415,translate,192,2.0,1.0,1.0,986.4,68.5362,7.2112,0.99758,0.9715,False,,,,,,,,False,,False
1,r1,2026-09-27 09:00:09,1b99415,hotspot,48,2.0,1.0,1.0,,,,,,,8.858,0.0226,0.99443,0.99988,99.73,fail,.SME,,False,False
1,r1,2026-09-27 09:00:10,1b99415,translate,96,2.0,1.0,4.0,318.506,71.4909,3.9036,0.999,1.0506,False,,,,,,,,False,,False
1,r1,2026-09-27 09:00:11,1b99415,translate,192,2.0,1.0,4.0,722.712,68.5362,4.4095,0.99833,1.0329,False,,,,,,,,False,,False
1,r1,2026-09-27 09:00:12,1b99415,hotspot,48,2.0,1.0,4.0,,,,,,,0.673,0.0179,0.99414,1.0,99.75,fail,.SME,,False,False
1,r1,2026-09-27 09:00:14,1b99415,translate,96,4.0,0.1,0.0,49.457,62.0233,36.1199,0.99146,0.3617,False,,,,,,,,False,,False
1,r1,2026-09-27 09:00:15,1b99415,translate,192,4.0,0.1,0.0,66.865,51.3794,31.4537,0.98738,0.4772,False,,,,,,,,False,,False
1,r1,2026-09-27 09:00:15,1b99415,hotspot,48,4.0,0.1,0.0,,,,,,,50.085,0.1215,0.99458,0.99567,99.67,fail,.SME,,False,False
1,r1,2026-09-27 09:00:16,1b99415,translate,96,4.0,0.1,0.05,49.569,62.0233,36.1157,0.99146,0.3618,False,,,,,,,,False,,False
1,r1,2026-09-27 09:00:17,1b99415,translate,192,4.0,0.1,0.05,91.311,51.3794,31.3837,0.98743,0.478,False,,,,,,,,False,,False
1,r1,2026-09-27 09:00:18,1b99415,hotspot,48,4.0,0.1,0.05,,,,,,,50.085,0.1215,0.99458,0.99567,99.67,fail,.SME,,False,False
1,r1,2026-09-27 09:00:19,1b99415,translate,96,4.0,0.1,0.25,976.466,62.0233,27.2164,0.99426,0.5317,False,,,,,,,,False,,False
1,r1,2026-09-27 09:00:20,1b99415,translate,192,4.0,0.1,0.25,1124.635,51.3794,25.4244,0.99034,0.5825,False,,,,,,,,False,,False
1,r1,2026-09-27 09:00:21,1b99415,hotspot,48,4.0,0.1,0.25,,,,,,,41.306,0.0994,0.99475,0.99678,99.68,fail,.SME,,False,False
1,r1,2026-09-27 09:00:21,1b99415,translate,96,4.0,0.1,1.0,335.708,62.0233,7.9028,0.99866,0.86,False,,,,,,,,False,,False
1,r1,2026-09-27 09:00:22,1b99415,translate,192,4.0,0.1,1.0,592.335,51.3209,13.5213,0.99546,0.9057,False,,,,,,,,False,,False
1,r1,2026-09-27 09:00:23,1b99415,hotspot,48,4.0,0.1,1.0,,,,,,,15.743,0.0394,0.99479,0.9993,99.71,fail,.SME,,False,False
1,r1,2026-09-27 09:00:24,1b99415,translate,96,4.0,0.1,4.0,174.499,62.0233,4.3173,0.999,0.999,False,,,,,,,,False,,False
1,r1,2026-09-27 09:00:25,1b99415,translate,192,4.0,0.1,4.0,363.148,51.3209,9.0628,0.9968,1.0073,False,,,,,,,,False,,False
1,r1,2026-09-27 09:00:26,1b99415,hotspot,48,4.0,0.1,4.0,,,,,,,1.336,0.0181,0.99422,0.99999,99.75,fail,.SME,,False,False
1,r1,2026-09-27 09:00:27,1b99415,translate,96,4.0,0.25,0.0,68.89,64.7922,36.1767,0.99141,0.3694,False,,,,,,,,False,,False
1,r1,2026-09-27 09:00:28,1b99415,translate,192,4.0,0.25,0.0,104.628,55.7324,31.5821,0.98728,0.4824,False,,,,,,,,False,,False
1,r1,2026-09-27 09:00:29,1b99415,hotspot,48,4.0,0.25,0.0,,,,,,,49.902,0.1217,0.99458,0.99567,99.66,fail,.SME,,False,False
1,r1,2026-09-27 09:00:30,1b99415,translate,96,4.0,0.25,0.05,68.981,64.7922,36.1725,0.99141,0.3695,False,,,,,,,,False,,False
1,r1,2026-09-27 09:00:31,1b99415,translate,192,4.0,0.25,0.05,129.071,55.7324,31.5121,0.98733,0.4832,False,,,,,,,,False,,False
1,r1,2026-09-27 09:00:32,1b99415,hotspot,48,4.0,0.25,0.05,,,,,,,49.902,0.1217,0.99458,0.99567,99.66,fail,.SME,,False,False
1,r1,2026-09-27 09:00:32,1b99415,translate,96,4.0,0.25,0.25,993.863,64.7922,27.2733,0.99421,0.541,False,,,,,,,,False,,False
1,r1,2026-09-27 09:00:33,1b99415,translate,192,4.0,0.25,0.25,1161.472,55.7324,25.5527,0.99024,0.5884,False,,,,,,,,False,,False
1,r1,2026-09-27 09:00:34,1b99415,hotspot,48,4.0,0.25,0.25,,,,,,,41.143,0.0995,0.99475,0.99678,99.68,fail,.SME,,False,False
1,r1,2026-09-27 09:00:35,1b99415,translate,96,4.0,0.25,1.0,350.927,64.7922,7.9614,0.99862,0.8728,False,,,,,,,,False,,False
1,r1,2026-09-27 09:00:36,1b99415,translate,192,4.0,0.25,1.0,628.76,55.7324,13.6495,0.99536,0.9138,False,,,,,,,,False,,False
1,r1,2026-09-27 09:00:36,1b99415,hotspot,48,4.0,0.25,1.0,,,,,,,15.688,0.0395,0.99479,0.9993,99.71,fail,.SME,,False,False
1,r1,2026-09-27 09:00:37,1b99415,translate,96,4.0,0.25,4.0,186.223,64.7922,4.3686,0.99895,1.013,False,,,,,,,,False,,False
1,r1,2026-09-27 09:00:38,1b99415,translate,192,4.0,0.25,4.0,397.992,55.7324,9.1898,0.9967,1.0161,False,,,,,,,,False,,False
1,r1,2026-09-27 09:00:38,1b99415,hotspot,48,4.0,0.25,4.0,,,,,,,1.33,0.0181,0.99422,0.99999,99.75,fail,.SME,,False,False
1,r1,2026-09-27 09:00:39,1b99415,translate,96,4.0,0.5,0.0,87.27,70.8034,36.3126,0.99133,0.3864,False,,,,,,,,False,,False
1,r1,2026-09-27 09:00:40,1b99415,translate,192,4.0,0.5,0.0,145.837,60.8385,31.8381,0.98711,0.4955,False,,,,,,,,False,,False
1,r1,2026-09-27 09:00:40,1b99415,hotspot,48,4.0,0.5,0.0,,,,,,,49.593,0.1219,0.99458,0.99566,99.66,fail,.SME,,False,False
1,r1,2026-09-27 09:00:41,1b99415,translate,96,4.0,0.5,0.05,87.339,70.8034,36.3083,0.99133,0.3865,False,,,,,,,,False,,False
1,r1,2026-09-27 09:00:42,1b99415,translate,192,4.0,0.5,0.05,170.241,60.8385,31.7681,0.98716,0.4963,False,,,,,,,,False,,False
1,r1,2026-09-27 09:00:43,1b99415,hotspot,48,4.0,0.5,0.05,,,,,,,49.593,0.1219,0.99458,0.99566,99.66,fail,.SME,,False,False
1,r1,2026-09-27 09:00:43,1b99415,translate,96,4.0,0.5,0.25,1017.871,70.8034,27.4106,0.99413,0.5608,False,,,,,,,,False,,False
1,r1,2026-09-27 09:00:44,1b99415,translate,192,4.0,0.5,0.25,1204.49,60.8385,25.8082,0.99006,0.6033,False,,,,,,,,False,,False
1,r1,2026-09-27 09:00:45,1b99415,hotspot,48,4.0,0.5,0.25,,,,,,,40.876,0.0997,0.99474,0.99677,99.68,fail,.SME,,False,False
1,r1,2026-09-27 09:00:45,1b99415,translate,96,4.0,0.5,1.0,377.704,70.8034,8.1031,0.99853,0.8988,False,,,,,,,,False,,False
1,r1,2026-09-27 09:00:46,1b99415,translate,192,4.0,0.5,1.0,673.108,60.8385,13.9047,0.99519,0.9332,False,,,,,,,,False,,False
1,r1,2026-09-27 09:00:47,1b99415,hotspot,48,4.0,0.5,1.0,,,,,,,15.579,0.0397,0.99479,0.99929,99.71,fail,.SME,,False,False
1,r1,2026-09-27 09:00:47,1b99415,translate,96,4.0,0.5,4.0,207.901,70.8034,4.4944,0.99887,1.0412,False,,,,,,,,False,,False
1,r1,2026-09-27 09:00:48,1b99415,translate,192,4.0,0.5,4.0,440.414,60.8385,9.4433,0.99653,1.0372,False,,,,,,,,False,,False
1,r1,2026-09-27 09:00:49,1b99415,hotspot,48,4.0,0.5,4.0,,,,,,,1.315,0.0181,0.99422,0.99999,99.75,fail,.SME,,False,False
1,r1,2026-09-27 09:00:49,1b99415,translate,96,4.0,1.0,0.0,100.766,71.2254,36.4189,0.99128,0.3905,False,,,,,,,,False,,False
1,r1,2026-09-27 09:00:50,1b99415,translate,192,4.0,1.0,0.0,202.759,68.4744,32.3433,0.9868,0.5088,False,,,,,,,,False,,False
1,r1,2026-09-27 09:00:51,1b99415,hotspot,48,4.0,1.0,0.0,,,,,,,48.965,0.1223,0.99457,0.99565,99.66,fail,.SME,,False,False
1,r1,2026-09-27 09:00:51,1b99415,translate,96,4.0,1.0,0.05,100.806,71.2254,36.4147,0.99129,0.3906,False,,,,,,,,False,,False
1,r1,2026-09-27 09:00:52,1b99415,translate,192,4.0,1.0,0.05,227.051,68.4744,32.2733,0.98685,0.5096,False,,,,,,,,False,,False
1,r1,2026-09-27 09:00:53,1b99415,hotspot,48,4.0,1.0,0.05,,,,,,,48.965,0.1223,0.99457,0.99565,99.66,fail,.SME,,False,False
1,r1,2026-09-27 09:00:53,1b99415,translate,96,4.0,1.0,0.25,1027.566,71.2254,27.5186,0.99408,0.5658,False,,,,,,,,False,,False
1,r1,2026-09-27 09:00:54,1b99415,translate,192,4.0,1.0,0.25,1261.024,68.4744,26.3127,0.98976,0.6186,False,,,,,,,,False,,False
1,r1,2026-09-27 09:00:55,1b99415,hotspot,48,4.0,1.0,0.25,,,,,,,40.323,0.1001,0.99473,0.99676,99.68,fail,.SME,,False,False
1,r1,2026-09-27 09:00:55,1b99415,translate,96,4.0,1.0,1.0,386.025,71.2254,8.2212,0.99849,0.9056,False,,,,,,,,False,,False
1,r1,2026-09-27 09:00:56,1b99415,translate,192,4.0,1.0,1.0,725.805,68.4744,14.4091,0.99488,0.954,False,,,,,,,,False,,False
1,r1,2026-09-27 09:00:57,1b99415,hotspot,48,4.0,1.0,1.0,,,,,,,15.366,0.0401,0.99478,0.99928,99.71,fail,.SME,,False,False
1,r1,2026-09-27 09:00:57,1b99415,translate,96,4.0,1.0,4.0,209.467,71.2254,4.5885,0.99883,1.0486,False,,,,,,,,False,,False
1,r1,2026-09-27 09:00:58,1b99415,translate,192,4.0,1.0,4.0,491.391,68.4744,9.9442,0.99623,1.0599,False,,,,,,,,False,,False
1,r1,2026-09-27 09:00:59,1b99415,hotspot,48,4.0,1.0,4.0,,,,,,,1.296,0.0182,0.99422,0.99999,99.75,fail,.SME,,False,False
1,r1,2026-09-27 09:00:59,1b99415,translate,96,8.0,0.1,0.0,47.367,61.6638,36.1064,0.99145,0.362,False,,,,,,,,False,,False
1,r1,2026-09-27 09:01:00,1b99415,translate,192,8.0,0.1,0.0,64.059,51.5593,31.4737,0.98736,0.478,False,,,,,,,,False,,False
1,r1,2026-09-27 09:01:01,1b99415,hotspot,48,8.0,0.1,0.0,,,,,,,49.913,0.1217,0.99458,0.99566,99.66,fail,.SME,,False,False
1,r1,2026-09-27 09:01:02,1b99415,translate,96,8.0,0.1,0.05,93.292,61.6638,35.8619,0.99154,0.3656,False,,,,,,,,False,,False
1,r1,2026-09-27 09:01:02,1b99415,translate,192,8.0,0.1,0.05,119.769,51.5593,31.3207,0.98746,0.4795,False,,,,,,,,False,,False
1,r1,2026-09-27 09:01:03,1b99415,hotspot,48,8.0,0.1,0.05,,,,,,,49.913,0.1217,0.99458,0.99566,99.66,fail,.SME,,False,False
1,r1,2026-09-27 09:01:04,1b99415,translate,96,8.0,0.1,0.25,700.551,61.6638,27.4333,0.99415,0.4649,False,,,,,,,,False,,False
1,r1,2026-09-27 09:01:04,1b99415,translate,192,8.0,0.1,0.25,478.955,51.5593,29.1768,0.98877,0.5537,False,,,,,,,,False,,False
1,r1,2026-09-27 09:01:05,1b99415,hotspot,48,8.0,0.1,0.25,,,,,,,50.154,0.1176,0.99465,0.99588,99.67,fail,.SME,,False,False
1,r1,2026-09-27 09:01:06,1b99415,translate,96,8.0,0.1,1.0,347.418,61.6638,8.983,0.99847,0.807,False,,,,,,,,False,,False
1,r1,2026-09-27 09:01:06,1b99415,translate,192,8.0,0.1,1.0,414.916,51.5593,22.3635,0.99209,0.8338,False,,,,,,,,False,,False
1,r1,2026-09-27 09:01:07,1b99415,hotspot,48,8.0,0.1,1.0,,,,,,,40.796,0.0691,0.99498,0.99803,99.66,fail,.SME,,False,False
1,r1,2026-09-27 09:01:08,1b99415,translate,96,8.0,0.1,4.0,171.345,61.6638,4.5672,0.99897,0.9793,False,,,,,,,,False,,False
1,r1,2026-09-27 09:01:08,1b99415,translate,192,8.0,0.1,4.0,414.416,51.5593,16.9988,0.99404,0.9899,False,,,,,,,,False,,False
1,r1,2026-09-27 09:01:09,1b99415,hotspot,48,8.0,0.1,4.0,,,,,,,9.469,0.0259,0.9946,0.99977,99.72,fail,.SME,,False,False
1,r1,2026-09-27 09:01:10,1b99415,translate,96,8.0,0.25,0.0,63.072,64.7944,36.1673,0.99139,0.3729,False,,,,,,,,False,,False
1,r1,2026-09-27 09:01:10,1b99415,translate,192,8.0,0.25,0.0,102.042,55.6882,31.6995,0.98718,0.4865,False,,,,,,,,False,,False
1,r1,2026-09-27 09:01:11,1b99415,hotspot,48,8.0,0.25,0.0,,,,,,,49.465,0.1221,0.99457,0.99565,99.66,fail,.SME,,False,False
1,r1,2026-09-27 09:01:12,1b99415,translate,96,8.0,0.25,0.05,109.023,64.7944,35.9228,0.99147,0.3766,False,,,,,,,,False,,False
1,r1,2026-09-27 09:01:12,1b99415,translate,192,8.0,0.25,0.05,157.807,55.6882,31.5466,0.98728,0.488,False,,,,,,,,False,,False
1,r1,2026-09-27 09:01:13,1b99415,hotspot,48,8.0,0.25,0.05,,,,,,,49.465,0.1221,0.99457,0.99565,99.66,fail,.SME,,False,False
1,r1,2026-09-27 09:01:14,1b99415,translate,96,8.0,0.25,0.25,713.033,64.7944,27.4945,0.99409,0.4776,False,,,,,,,,False,,False
1,r1,2026-09-27 09:01:14,1b99415,translate,192,8.0,0.25,0.25,516.336,55.6882,29.4026,0.98858,0.5631,False,,,,,,,,False,,False
1,r1,2026-09-27 09:01:15,1b99415,hotspot,48,8.0,0.25,0.25,,,,,,,49.72,0.118,0.99463,0.99586,99.67,fail,.SME,,False,False
1,r1,2026-09-27 09:01:16,1b99415,translate,96,8.0,0.25,1.0,359.23,64.7944,9.041,0.9984,0.8253,False,,,,,,,,False,,False
1,r1,2026-09-27 09:01:16,1b99415,translate,192,8.0,0.25,1.0,450.096,55.6882,22.5901,0.99191,0.846,False,,,,,,,,False,,False
1,r1,2026-09-27 09:01:17,1b99415,hotspot,48,8.0,0.25,1.0,,,,,,,40.714,0.0694,0.99497,0.99802,99.66,fail,.SME,,False,False
1,r1,2026-09-27 09:01:18,1b99415,translate,96,8.0,0.25,4.0,180.577,64.7944,4.6152,0.9989,0.9999,False,,,,,,,,False,,False
1,r1,2026-09-27 09:01:18,1b99415,translate,192,8.0,0.25,4.0,446.133,55.6882,17.225,0.99386,1.0036,False,,,,,,,,False,,False
1,r1,2026-09-27 09:01:19,1b99415,hotspot,48,8.0,0.25,4.0,,,,,,,9.466,0.0262,0.9946,0.99977,99.72,fail,.SME,,False,False
1,r1,2026-09-27 09:01:20,1b99415,translate,96,8.0,0.5,0.0,78.191,70.8052,36.3389,0.99127,0.4002,False,,,,,,,,False,,False
1,r1,2026-09-27 09:01:20,1b99415,translate,192,8.0,0.5,0.0,140.754,60.6569,32.1821,0.98684,0.5065,False,,,,,,,,False,,False
1,r1,2026-09-27 09:01:21,1b99415,hotspot,48,8.0,0.5,0.0,,,,,,,48.701,0.1227,0.99455,0.99563,99.66,fail,.SME,,False,False
1,r1,2026-09-27 09:01:22,1b99415,translate,96,8.0,0.5,0.05,124.181,70.8052,36.0945,0.99135,0.4038,False,,,,,,,,False,,False
1,r1,2026-09-27 09:01:22,1b99415,translate,192,8.0,0.5,0.05,196.594,60.6569,32.0292,0.98694,0.508,False,,,,,,,,False,,False
1,r1,2026-09-27 09:01:23,1b99415,hotspot,48,8.0,0.5,0.05,,,,,,,48.701,0.1227,0.99455,0.99563,99.66,fail,.SME,,False,False
1,r1,2026-09-27 09:01:24,1b99415,translate,96,8.0,0.5,0.25,736.21,70.8052,27.6675,0.99397,0.508,False,,,,,,,,False,,False
1,r1,2026-09-27 09:01:24,1b99415,translate,192,8.0,0.5,0.25,558.072,60.6569,29.8854,0.98825,0.5855,False,,,,,,,,False,,False
1,r1,2026-09-27 09:01:25,1b99415,hotspot,48,8.0,0.5,0.25,,,,,,,48.977,0.1186,0.99462,0.99584,99.66,fail,.SME,,False,False
1,r1,2026-09-27 09:01:26,1b99415,translate,96,8.0,0.5,1.0,382.929,70.8052,9.2164,0.99828,0.8662,False,,,,,,,,False,,False
1,r1,2026-09-27 09:01:26,1b99415,translate,192,8.0,0.5,1.0,492.761,60.6569,23.0737,0.99157,0.8754,False,,,,,,,,False,,False
1,r1,2026-09-27 09:01:27,1b99415,hotspot,48,8.0,0.5,1.0,,,,,,,40.56,0.0701,0.99495,0.998,99.66,fail,.SME,,False,False
1,r1,2026-09-27 09:01:28,1b99415,translate,96,8.0,0.5,4.0,200.751,70.8052,4.7711,0.99878,1.0454,False,,,,,,,,False,,False
1,r1,2026-09-27 09:01:28,1b99415,translate,192,8.0,0.5,4.0,484.598,60.6569,17.7094,0.99352,1.0358,False,,,,,,,,False,,False
1,r1,2026-09-27 09:01:29,1b99415,hotspot,48,8.0,0.5,4.0,,,,,,,9.433,0.0267,0.9946,0.99976,99.72,fail,.SME,,False,False
1,r1,2026-09-27 09:01:30,1b99415,translate,96,8.0,1.0,0.0,103.818,72.001,36.3882,0.99126,0.3983,False,,,,,,,,False,,False
1,r1,2026-09-27 09:01:30,1b99415,translate,192,8.0,1.0,0.0,206.92,67.655,33.0505,0.98629,0.5288,False,,,,,,,,False,,False
1,r1,2026-09-27 09:01:31,1b99415,hotspot,48,8.0,1.0,0.0,,,,,,,47.087,0.1242,0.9945,0.99557,99.65,fail,.SME,,False,False
1,r1,2026-09-27 09:01:32,1b99415,translate,96,8.0,1.0,0.05,149.892,72.001,36.1437,0.99134,0.402,False,,,,,,,,False,,False
1,r1,2026-09-27 09:01:33,1b99415,translate,192,8.0,1.0,0.05,262.832,67.655,32.8975,0.98639,0.5304,False,,,,,,,,False,,False
1,r1,2026-09-27 09:01:33,1b99415,hotspot,48,8.0,1.0,0.05,,,,,,,47.087,0.1242,0.9945,0.99557,99.65,fail,.SME,,False,False
1,r1,2026-09-27 09:01:34,1b99415,translate,96,8.0,1.0,0.25,759.026,72.001,27.7176,0.99396,0.5056,False,,,,,,,,False,,False
1,r1,2026-09-27 09:01:35,1b99415,translate,192,8.0,1.0,0.25,623.316,67.655,30.7538,0.98769,0.611,False,,,,,,,,False,,False
1,r1,2026-09-27 09:01:35,1b99415,hotspot,48,8.0,1.0,0.25,,,,,,,47.402,0.1201,0.99457,0.99578,99.66,fail,.SME,,False,False
1,r1,2026-09-27 09:01:36,1b99415,translate,96,8.0,1.0,1.0,404.799,72.001,9.2639,0.99828,0.8632,False,,,,,,,,False,,False
1,r1,2026-09-27 09:01:37,1b99415,translate,192,8.0,1.0,1.0,558.425,67.655,23.9441,0.99102,0.9105,False,,,,,,,,False,,False
1,r1,2026-09-27 09:01:37,1b99415,hotspot,48,8.0,1.0,1.0,,,,,,,40.141,0.0714,0.99491,0.99795,99.66,fail,.SME,,False,False
1,r1,2026-09-27 09:01:38,1b99415,translate,96,8.0,1.0,4.0,217.19,72.001,4.811,0.99878,1.0423,False,,,,,,,,False,,False
1,r1,2026-09-27 09:01:39,1b99415,translate,192,8.0,1.0,4.0,544.946,67.655,18.5846,0.99297,1.0746,False,,,,,,,,False,,False
1,r1,2026-09-27 09:01:40,1b99415,hotspot,48,8.0,1.0,4.0,,,,,,,9.308,0.0277,0.99459,0.99975,99.72,fail,.SME,,False,False
1,r1,2026-09-27 09:01:40,1b99415,translate,96,16.0,0.1,0.0,45.763,61.5979,36.0803,0.99145,0.3625,False,,,,,,,,False,,False
1,r1,2026-09-27 09:01:41,1b99415,translate,192,16.0,0.1,0.0,63.456,51.5937,31.4999,0.98733,0.4825,False,,,,,,,,False,,False
1,r1,2026-09-27 09:01:42,1b99415,hotspot,48,16.0,0.1,0.0,,,,,,,49.838,0.1219,0.99457,0.99566,99.66,fail,.SME,,False,False
1,r1,2026-09-27 09:01:42,1b99415,translate,96,16.0,0.1,0.05,157.483,61.5979,35.4883,0.99163,0.3703,False,,,,,,,,False,,False
1,r1,2026-09-27 09:01:43,1b99415,translate,192,16.0,0.1,0.05,64.407,51.5937,31.496,0.98733,0.4826,False,,,,,,,,False,,False
1,r1,2026-09-27 09:01:44,1b99415,hotspot,48,16.0,0.1,0.05,,,,,,,49.838,0.1219,0.99457,0.99566,99.66,fail,.SME,,False,False
1,r1,2026-09-27 09:01:44,1b99415,translate,96,16.0,0.1,0.25,778.953,61.5979,28.3863,0.99379,0.4513,False,,,,,,,,False,,False
1,r1,2026-09-27 09:01:45,1b99415,translate,192,16.0,0.1,0.25,426.073,51.5937,29.7134,0.98847,0.5511,False,,,,,,,,False,,False
1,r1,2026-09-27 09:01:46,1b99415,hotspot,48,16.0,0.1,0.25,,,,,,,49.838,0.1219,0.99457,0.99566,99.66,fail,.SME,,False,False
1,r1,2026-09-27 09:01:46,1b99415,translate,96,16.0,0.1,1.0,357.952,61.5979,12.0336,0.99773,0.6684,False,,,,,,,,False,,False
1,r1,2026-09-27 09:01:47,1b99415,translate,192,16.0,0.1,1.0,286.855,51.5937,25.4214,0.99077,0.7917,False,,,,,,,,False,,False
1,r1,2026-09-27 09:01:48,1b99415,hotspot,48,16.0,0.1,1.0,,,,,,,46.205,0.1004,0.99469,0.99678,99.65,fail,.SME,,False,False
1,r1,2026-09-27 09:01:48,1b99415,translate,96,16.0,0.1,4.0,171.808,61.5979,6.0425,0.99874,0.8473,False,,,,,,,,False,,False
1,r1,2026-09-27 09:01:49,1b99415,translate,192,16.0,0.1,4.0,276.351,51.5937,23.4246,0.99152,0.9192,False,,,,,,,,False,,False
1,r1,2026-09-27 09:01:50,1b99415,hotspot,48,16.0,0.1,4.0,,,,,,,40.18,0.0608,0.99478,0.99831,99.66,fail,.SME,,False,False
1,r1,2026-09-27 09:01:50,1b99415,translate,96,16.0,0.25,0.0,57.582,64.7945,36.1494,0.99135,0.3799,False,,,,,,,,False,,False
1,r1,2026-09-27 09:01:51,1b99415,translate,192,16.0,0.25,0.0,102.097,56.5344,31.9113,0.987,0.4988,False,,,,,,,,False,,False
1,r1,2026-09-27 09:01:52,1b99415,hotspot,48,16.0,0.25,0.0,,,,,,,49.27,0.1225,0.99455,0.99563,99.66,fail,.SME,,False,False
1,r1,2026-09-27 09:01:52,1b99415,translate,96,16.0,0.25,0.05,169.362,64.7945,35.5574,0.99154,0.3879,False,,,,,,,,False,,False
1,r1,2026-09-27 09:01:53,1b99415,translate,192,16.0,0.25,0.05,103.071,56.5344,31.9074,0.987,0.4989,False,,,,,,,,False,,False
1,r1,2026-09-27 09:01:54,1b99415,hotspot,48,16.0,0.25,0.05,,,,,,,49.27,0.1225,0.99455,0.99563,99.66,fail,.SME,,False,False
1,r1,2026-09-27 09:01:54,1b99415,translate,96,16.0,0.25,0.25,787.004,64.7945,28.4571,0.99369,0.471,False,,,,,,,,False,,False
1,r1,2026-09-27 09:01:55,1b99415,translate,192,16.0,0.25,0.25,462.609,56.5344,30.1249,0.98814,0.5689,False,,,,,,,,False,,False
1,r1,2026-09-27 09:01:56,1b99415,hotspot,48,16.0,0.25,0.25,,,,,,,49.27,0.1225,0.99455,0.99563,99.66,fail,.SME,,False,False
1,r1,2026-09-27 09:01:56,1b99415,translate,96,16.0,0.25,1.0,366.011,64.7945,12.1031,0.99764,0.695,False,,,,,,,,False,,False
1,r1,2026-09-27 09:01:57,1b99415,translate,192,16.0,0.25,1.0,323.324,56.5344,25.8323,0.99044,0.8144,False,,,,,,,,False,,False
1,r1,2026-09-27 09:01:58,1b99415,hotspot,48,16.0,0.25,1.0,,,,,,,46.055,0.1011,0.99467,0.99676,99.65,fail,.SME,,False,False
1,r1,2026-09-27 09:01:58,1b99415,translate,96,16.0,0.25,4.0,177.948,64.7945,6.0952,0.99864,0.8786,False,,,,,,,,False,,False
1,r1,2026-09-27 09:01:59,1b99415,translate,192,16.0,0.25,4.0,311.871,56.5344,23.8295,0.99119,0.9442,False,,,,,,,,False,,False
1,r1,2026-09-27 09:02:00,1b99415,hotspot,48,16.0,0.25,4.0,,,,,,,40.447,0.0616,0.99476,0.99828,99.66,fail,.SME,,False,False
1,r1,2026-09-27 09:02:00,1b99415,translate,96,16.0,0.5,0.0,66.332,70.8012,36.3785,0.99116,0.4236,False,,,,,,,,False,,False
1,r1,2026-09-27 09:02:01,1b99415,translate,192,16.0,0.5,0.0,129.259,61.3407,32.6943,0.98645,0.5296,False,,,,,,,,False,,False
1,r1,2026-09-27 09:02:02,1b99415,hotspot,48,16.0,0.5,0.0,,,,,,,48.267,0.1238,0.9945,0.99557,99.66,fail,.SME,,False,False
1,r1,2026-09-27 09:02:02,1b99415,translate,96,16.0,0.5,0.05,178.204,70.8012,35.7862,0.99135,0.4319,False,,,,,,,,False,,False
1,r1,2026-09-27 09:02:03,1b99415,translate,192,16.0,0.5,0.05,130.259,61.3407,32.6904,0.98646,0.5297,False,,,,,,,,False,,False
1,r1,2026-09-27 09:02:04,1b99415,hotspot,48,16.0,0.5,0.05,,,,,,,48.267,0.1238,0.9945,0.99557,99.66,fail,.SME,,False,False
1,r1,2026-09-27 09:02:05,1b99415,translate,96,16.0,0.5,0.25,805.538,70.8012,28.6887,0.9935,0.5187,False,,,,,,,,False,,False
1,r1,2026-09-27 09:02:05,1b99415,translate,192,16.0,0.5,0.25,494.352,61.3407,30.9085,0.98759,0.6032,False,,,,,,,,False,,False
1,r1,2026-09-27 09:02:06,1b99415,hotspot,48,16.0,0.5,0.25,,,,,,,48.267,0.1238,0.9945,0.99557,99.66,fail,.SME,,False,False
1,r1,2026-09-27 09:02:07,1b99415,translate,96,16.0,0.5,1.0,384.927,70.8012,12.3323,0.99745,0.7554,False,,,,,,,,False,,False
1,r1,2026-09-27 09:02:07,1b99415,translate,192,16.0,0.5,1.0,355.513,61.3407,26.6156,0.9899,0.8597,False,,,,,,,,False,,False
1,r1,2026-09-27 09:02:08,1b99415,hotspot,48,16.0,0.5,1.0,,,,,,,45.745,0.1024,0.99462,0.9967,99.65,fail,.SME,,False,False
1,r1,2026-09-27 09:02:09,1b99415,translate,96,16.0,0.5,4.0,193.58,70.8012,6.308,0.99845,0.9482,False,,,,,,,,False,,False
1,r1,2026-09-27 09:02:09,1b99415,translate,192,16.0,0.5,4.0,342.836,61.3407,24.6037,0.99064,0.9949,False,,,,,,,,False,,False
1,r1,2026-09-27 09:02:10,1b99415,hotspot,48,16.0,0.5,4.0,,,,,,,40.844,0.0629,0.99472,0.99823,99.66,fail,.SME,,False,False
1,r1,2026-09-27 09:02:11,1b99415,translate,96,16.0,1.0,0.0,79.178,72.7399,36.271,0.99123,0.4028,False,,,,,,,,False,,False
1,r1,2026-09-27 09:02:11,1b99415,translate,192,16.0,1.0,0.0,177.693,68.9874,33.7736,0.98573,0.5486,False,,,,,,,,False,,False
1,r1,2026-09-27 09:02:12,1b99415,hotspot,48,16.0,1.0,0.0,,,,,,,46.042,0.1271,0.99437,0.99539,99.65,fail,.SME,,False,False
1,r1,2026-09-27 09:02:13,1b99415,translate,96,16.0,1.0,0.05,191.077,72.7399,35.6788,0.99142,0.4109,False,,,,,,,,False,,False
1,r1,2026-09-27 09:02:13,1b99415,translate,192,16.0,1.0,0.05,178.725,68.9874,33.7697,0.98573,0.5487,False,,,,,,,,False,,False
1,r1,2026-09-27 09:02:14,1b99415,hotspot,48,16.0,1.0,0.05,,,,,,,46.042,0.1271,0.99437,0.99539,99.65,fail,.SME,,False,False
1,r1,2026-09-27 09:02:15,1b99415,translate,96,16.0,1.0,0.25,816.756,72.7399,28.5862,0.99357,0.4951,False,,,,,,,,False,,False
1,r1,2026-09-27 09:02:15,1b99415,translate,192,16.0,1.0,0.25,541.232,68.9874,31.9886,0.98687,0.6255,False,,,,,,,,False,,False
1,r1,2026-09-27 09:02:16,1b99415,hotspot,48,16.0,1.0,0.25,,,,,,,46.042,0.1271,0.99437,0.99539,99.65,fail,.SME,,False,False
1,r1,2026-09-27 09:02:17,1b99415,translate,96,16.0,1.0,1.0,396.231,72.7399,12.2298,0.99752,0.7265,False,,,,,,,,False,,False
1,r1,2026-09-27 09:02:17,1b99415,translate,192,16.0,1.0,1.0,402.563,68.9874,27.6949,0.98918,0.8927,False,,,,,,,,False,,False
1,r1,2026-09-27 09:02:18,1b99415,hotspot,48,16.0,1.0,1.0,,,,,,,44.885,0.1056,0.9945,0.99652,99.64,fail,.SME,,False,False
1,r1,2026-09-27 09:02:19,1b99415,translate,96,16.0,1.0,4.0,199.775,72.7399,6.2128,0.99851,0.9163,False,,,,,,,,False,,False
1,r1,2026-09-27 09:02:19,1b99415,translate,192,16.0,1.0,4.0,388.395,68.9874,25.6731,0.98992,1.0331,False,,,,,,,,False,,False
1,r1,2026-09-27 09:02:20,1b99415,hotspot,48,16.0,1.0,4.0,,,,,,,41.408,0.0663,0.99461,0.99807,99.67,fail,.SME,,False,False
1,r1,2026-09-27 09:02:21,1b99415,translate,96,32.0,0.1,0.0,45.11,61.7591,35.9735,0.99148,0.3633,False,,,,,,,,False,,False
1,r1,2026-09-27 09:02:21,1b99415,translate,192,32.0,0.1,0.0,63.514,51.0755,31.5259,0.9873,0.4848,False,,,,,,,,False,,False
1,r1,2026-09-27 09:02:22,1b99415,hotspot,48,32.0,0.1,0.0,,,,,,,49.758,0.1216,0.99456,0.99566,99.64,fail,.SME,,False,False
1,r1,2026-09-27 09:02:23,1b99415,translate,96,32.0,0.1,0.05,45.11,61.7591,35.9735,0.99148,0.3633,False,,,,,,,,False,,False
1,r1,2026-09-27 09:02:23,1b99415,translate,192,32.0,0.1,0.05,63.514,51.0755,31.5259,0.9873,0.4848,False,,,,,,,,False,,False
1,r1,2026-09-27 09:02:24,1b99415,hotspot,48,32.0,0.1,0.05,,,,,,,49.758,0.1216,0.99456,0.99566,99.64,fail,.SME,,False,False
1,r1,2026-09-27 09:02:25,1b99415,translate,96,32.0,0.1,0.25,243.971,61.7591,34.6934,0.99185,0.374,False,,,,,,,,False,,False
1,r1,2026-09-27 09:02:25,1b99415,translate,192,32.0,0.1,0.25,162.976,51.0755,31.1472,0.98752,0.4934,False,,,,,,,,False,,False
1,r1,2026-09-27 09:02:26,1b99415,hotspot,48,32.0,0.1,0.25,,,,,,,49.758,0.1216,0.99456,0.99566,99.64,fail,.SME,,False,False
1,r1,2026-09-27 09:02:27,1b99415,translate,96,32.0,0.1,1.0,284.098,61.7591,28.4566,0.99361,0.4436,False,,,,,,,,False,,False
1,r1,2026-09-27 09:02:28,1b99415,translate,192,32.0,0.1,1.0,236.398,51.0755,29.401,0.98855,0.5421,False,,,,,,,,False,,False
1,r1,2026-09-27 09:02:28,1b99415,hotspot,48,32.0,0.1,1.0,,,,,,,49.718,0.1218,0.99456,0.99566,99.65,fail,.SME,,False,False
1,r1,2026-09-27 09:02:29,1b99415,translate,96,32.0,0.1,4.0,185.877,61.7591,17.2781,0.99643,0.5865,False,,,,,,,,False,,False
1,r1,2026-09-27 09:02:30,1b99415,translate,192,32.0,0.1,4.0,207.47,51.0755,26.1764,0.99034,0.6919,False,,,,,,,,False,,False
1,r1,2026-09-27 09:02:30,1b99415,hotspot,48,32.0,0.1,4.0,,,,,,,51.014,0.1188,0.99453,0.99578,99.66,fail,.SME,,False,False
1,r1,2026-09-27 09:02:31,1b99415,translate,96,32.0,0.25,0.0,54.877,64.7771,35.9249,0.9914,0.3873,False,,,,,,,,False,,False
1,r1,2026-09-27 09:02:32,1b99415,translate,192,32.0,0.25,0.0,91.623,56.2503,32.0688,0.98687,0.5153,False,,,,,,,,False,,False
1,r1,2026-09-27 09:02:33,1b99415,hotspot,48,32.0,0.25,0.0,,,,,,,48.98,0.122,0.99451,0.99559,99.6,fail,.SME,,False,False
1,r1,2026-09-27 09:02:33,1b99415,translate,96,32.0,0.25,0.05,54.877,64.7771,35.9249,0.9914,0.3873,False,,,,,,,,False,,False
1,r1,2026-09-27 09:02:34,1b99415,translate,192,32.0,0.25,0.05,91.623,56.2503,32.0688,0.98687,0.5153,False,,,,,,,,False,,False
1,r1,2026-09-27 09:02:35,1b99415,hotspot,48,32.0,0.25,0.05,,,,,,,48.98,0.122,0.99451,0.99559,99.6,fail,.SME,,False,False
1,r1,2026-09-27 09:02:35,1b99415,translate,96,32.0,0.25,0.25,249.697,64.7771,34.645,0.99177,0.3985,False,,,,,,,,False,,False
1,r1,2026-09-27 09:02:36,1b99415,translate,192,32.0,0.25,0.25,188.856,56.2503,31.6902,0.98709,0.5242,False,,,,,,,,False,,False
1,r1,2026-09-27 09:02:37,1b99415,hotspot,48,32.0,0.25,0.25,,,,,,,48.98,0.122,0.99451,0.99559,99.6,fail,.SME,,False,False
1,r1,2026-09-27 09:02:37,1b99415,translate,96,32.0,0.25,1.0,289.771,64.7771,28.4038,0.99353,0.4702,False,,,,,,,,False,,False
1,r1,2026-09-27 09:02:38,1b99415,translate,192,32.0,0.25,1.0,262.225,56.2503,29.9432,0.98812,0.5754,False,,,,,,,,False,,False
1,r1,2026-09-27 09:02:39,1b99415,hotspot,48,32.0,0.25,1.0,,,,,,,48.942,0.1222,0.99451,0.9956,99.61,fail,.SME,,False,False
1,r1,2026-09-27 09:02:39,1b99415,translate,96,32.0,0.25,4.0,189.531,64.7771,17.2013,0.99634,0.618,False,,,,,,,,False,,False
1,r1,2026-09-27 09:02:40,1b99415,translate,192,32.0,0.25,4.0,232.595,56.2503,26.7144,0.9899,0.7312,False,,,,,,,,False,,False
1,r1,2026-09-27 09:02:41,1b99415,hotspot,48,32.0,0.25,4.0,,,,,,,50.226,0.1192,0.99448,0.99572,99.62,fail,.SME,,False,False
1,r1,2026-09-27 09:02:41,1b99415,translate,96,32.0,0.5,0.0,60.92,70.7904,35.9772,0.99126,0.4365,False,,,,,,,,False,,False
1,r1,2026-09-27 09:02:42,1b99415,translate,192,32.0,0.5,0.0,114.74,60.4251,33.1612,0.98619,0.5722,False,,,,,,,,False,,False
1,r1,2026-09-27 09:02:43,1b99415,hotspot,48,32.0,0.5,0.0,,,,,,,47.393,0.1236,0.99436,0.99538,99.54,fail,.SME,,False,False
1,r1,2026-09-27 09:02:43,1b99415,translate,96,32.0,0.5,0.05,60.92,70.7904,35.9772,0.99126,0.4365,False,,,,,,,,False,,False
1,r1,2026-09-27 09:02:44,1b99415,translate,192,32.0,0.5,0.05,114.74,60.4251,33.1612,0.98619,0.5722,False,,,,,,,,False,,False
1,r1,2026-09-27 09:02:45,1b99415,hotspot,48,32.0,0.5,0.05,,,,,,,47.393,0.1236,0.99436,0.99538,99.54,fail,.SME,,False,False
1,r1,2026-09-27 09:02:45,1b99415,translate,96,32.0,0.5,0.25,265.239,70.7904,34.6975,0.99162,0.448,False,,,,,,,,False,,False
1,r1,2026-09-27 09:02:46,1b99415,translate,192,32.0,0.5,0.25,217.061,60.4251,32.7827,0.98641,0.582,False,,,,,,,,False,,False
1,r1,2026-09-27 09:02:47,1b99415,hotspot,48,32.0,0.5,0.25,,,,,,,47.393,0.1236,0.99436,0.99538,99.54,fail,.SME,,False,False
1,r1,2026-09-27 09:02:47,1b99415,translate,96,32.0,0.5,1.0,305.124,70.7904,28.4515,0.99338,0.5216,False,,,,,,,,False,,False
1,r1,2026-09-27 09:02:48,1b99415,translate,192,32.0,0.5,1.0,290.291,60.4251,31.0347,0.98744,0.6382,False,,,,,,,,False,,False
1,r1,2026-09-27 09:02:49,1b99415,hotspot,48,32.0,0.5,1.0,,,,,,,47.356,0.1238,0.99435,0.99539,99.55,fail,.SME,,False,False
1,r1,2026-09-27 09:02:49,1b99415,translate,96,32.0,0.5,4.0,202.526,70.7904,17.209,0.99618,0.6769,False,,,,,,,,False,,False
1,r1,2026-09-27 09:02:50,1b99415,translate,192,32.0,0.5,4.0,260.083,60.4251,27.7996,0.98921,0.8072,False,,,,,,,,False,,False
1,r1,2026-09-27 09:02:51,1b99415,hotspot,48,32.0,0.5,4.0,,,,,,,48.621,0.1208,0.99433,0.99551,99.56,fail,.SME,,False,False
1,r1,2026-09-27 09:02:51,1b99415,translate,96,32.0,1.0,0.0,57.978,70.8981,35.2037,0.99162,0.3677,False,,,,,,,,False,,False
1,r1,2026-09-27 09:02:52,1b99415,translate,192,32.0,1.0,0.0,147.965,65.8914,34.2819,0.98571,0.5993,False,,,,,,,,False,,False
1,r1,2026-09-27 09:02:53,1b99415,hotspot,48,32.0,1.0,0.0,,,,,,,43.348,0.1314,0.99382,0.99457,99.42,fail,.SME,,False,False
1,r1,2026-09-27 09:02:54,1b99415,translate,96,32.0,1.0,0.05,57.978,70.8981,35.2037,0.99162,0.3677,False,,,,,,,,False,,False
1,r1,2026-09-27 09:02:54,1b99415,translate,192,32.0,1.0,0.05,147.965,65.8914,34.2819,0.98571,0.5993,False,,,,,,,,False,,False
1,r1,2026-09-27 09:02:55,1b99415,hotspot,48,32.0,1.0,0.05,,,,,,,43.348,0.1314,0.99382,0.99457,99.42,fail,.SME,,False,False
1,r1,2026-09-27 09:02:56,1b99415,translate,96,32.0,1.0,0.25,260.718,70.8981,33.9246,0.99199,0.378,False,,,,,,,,False,,False
1,r1,2026-09-27 09:02:56,1b99415,translate,192,32.0,1.0,0.25,249.598,65.8914,33.9036,0.98593,0.6096,False,,,,,,,,False,,False
1,r1,2026-09-27 09:02:57,1b99415,hotspot,48,32.0,1.0,0.25,,,,,,,43.348,0.1314,0.99382,0.99457,99.42,fail,.SME,,False,False
1,r1,2026-09-27 09:02:58,1b99415,translate,96,32.0,1.0,1.0,300.175,70.8981,27.6704,0.99374,0.4466,False,,,,,,,,False,,False
1,r1,2026-09-27 09:02:58,1b99415,translate,192,32.0,1.0,1.0,322.336,65.8914,32.1541,0.98696,0.6689,False,,,,,,,,False,,False
1,r1,2026-09-27 09:02:59,1b99415,hotspot,48,32.0,1.0,1.0,,,,,,,43.309,0.1315,0.99381,0.99457,99.43,fail,.SME,,False,False
1,r1,2026-09-27 09:03:00,1b99415,translate,96,32.0,1.0,4.0,194.511,70.8981,16.3538,0.99651,0.5943,False,,,,,,,,False,,False
1,r1,2026-09-27 09:03:00,1b99415,translate,192,32.0,1.0,4.0,291.266,65.8914,28.9094,0.98871,0.8483,False,,,,,,,,False,,False
1,r1,2026-09-27 09:03:01,1b99415,hotspot,48,32.0,1.0,4.0,,,,,,,44.543,0.1284,0.9938,0.9947,99.44,fail,.SME,,False,False
